title,description,author,source,source_url
,,,e:\Capelin\epubs\data\100 Moral Stories.epub,
,,,e:\Capelin\epubs\data\A Beautiful String of Incidents in the Life of The Holy Prophet.epub,
,,,e:\Capelin\epubs\data\A Brief History of the Fourteen Infallibles.epub,
,,,e:\Capelin\epubs\data\A Bundle of Flowers.epub,
,,,e:\Capelin\epubs\data\A CLOSER LOOK AT CHRISTIANITY.epub,
,,,e:\Capelin\epubs\data\A Code of Practice For Muslims in the West.epub,
,,,e:\Capelin\epubs\data\A Commentary on Prayer.epub,
,,,e:\Capelin\epubs\data\A Complete Day & Night in Devotion to Allah.epub,
,,,e:\Capelin\epubs\data\A Divine Prespective on Rights (Risalat al-Huquq).epub,
,,,e:\Capelin\epubs\data\A NEW FORMATION FOR THE BOOK OF ATTRIBUTES - AL KHISAL.epub,
,,,e:\Capelin\epubs\data\A New Perspective- Women in Islam.epub,
,,,e:\Capelin\epubs\data\A Probe Into the History of Ashura.epub,
,,,e:\Capelin\epubs\data\A Quick Look  in  The Holy Book.epub,
,,,e:\Capelin\epubs\data\A Replay To Belief Of Mahdism In Shia Imamate.epub,
,,,e:\Capelin\epubs\data\A Restatement of the History of Islam and Muslims.epub,
,,,e:\Capelin\epubs\data\A Shi'ite Anthology.epub,
,,,e:\Capelin\epubs\data\A SHORT  BIOGRAPHY  OF  IMAM JAFFER AS-SADIQ (A.S).epub,
,,,e:\Capelin\epubs\data\A Short History of Ilmul Usul.epub,
,,,e:\Capelin\epubs\data\A Summary of Rulings.epub,
,,,e:\Capelin\epubs\data\Abu Dhar Al-Ghifari.epub,
,,,e:\Capelin\epubs\data\Abu Talib b. Abdul Muttalib.epub,
,,,e:\Capelin\epubs\data\Abul Fazl al Abbas- Eminence and Status.epub,
,,,e:\Capelin\epubs\data\Adabus Salat - The Disciplines of the Prayer.epub,
,,,e:\Capelin\epubs\data\Adam and Eve.epub,
,,,e:\Capelin\epubs\data\Admonitions of Ulema - USWAT AL-AARIFEEN.epub,
,,,"e:\Capelin\epubs\data\Akhlaq E-A'imma, Morals & Manners of the Holy Imams.epub",
,,,e:\Capelin\epubs\data\Al Muraja'at - A Shi'i - Sunni dialogue (also known as 'The Right Path').epub,
,,,e:\Capelin\epubs\data\Al Sahifa e Alaviya.epub,
,,,e:\Capelin\epubs\data\Al Siraj- The Lantern on the Path To Allah Almighty.epub,
,,,e:\Capelin\epubs\data\AL- AMAALI.epub,
,,,e:\Capelin\epubs\data\AL-GHAYBA OCCULTATION.epub,
,,,e:\Capelin\epubs\data\AL-MAWAAIZH The Sermons.epub,
,,,e:\Capelin\epubs\data\Al-Miqdad bin Al-Aswad.epub,
,,,e:\Capelin\epubs\data\Ali The Magnificent.epub,
,,,e:\Capelin\epubs\data\All Solutions Are with the Prophet's Progeny.epub,
,,,e:\Capelin\epubs\data\Allah - The Concept of God in Islam (a selection).epub,
,,,e:\Capelin\epubs\data\Alphabetical Index to the Holy Quran.epub,
,,,e:\Capelin\epubs\data\Ammar Bin Yasir.epub,
,,,e:\Capelin\epubs\data\An Enlightening Commentary into the Light of the Holy Quran vol 1.epub,
,,,e:\Capelin\epubs\data\An Enlightening Commentary into the Light of the Holy Quran vol 10.epub,
,,,e:\Capelin\epubs\data\An Enlightening Commentary into the Light of the Holy Quran vol 11.epub,
,,,e:\Capelin\epubs\data\An Enlightening Commentary into the Light of the Holy Quran vol 12.epub,
,,,e:\Capelin\epubs\data\An Enlightening Commentary into the Light of the Holy Quran vol 13.epub,
,,,e:\Capelin\epubs\data\An Enlightening Commentary into the Light of the Holy Quran vol 14.epub,
,,,e:\Capelin\epubs\data\An Enlightening Commentary into the Light of the Holy Quran vol 15.epub,
,,,e:\Capelin\epubs\data\An Enlightening Commentary into the Light of the Holy Quran vol 16.epub,
,,,e:\Capelin\epubs\data\An Enlightening Commentary into the Light of the Holy Quran vol 17.epub,
,,,e:\Capelin\epubs\data\An Enlightening Commentary into the Light of the Holy Quran vol 18.epub,
,,,e:\Capelin\epubs\data\An Enlightening Commentary into the Light of the Holy Quran vol 19.epub,
,,,e:\Capelin\epubs\data\An Enlightening Commentary into the Light of the Holy Quran vol 2.epub,
,,,e:\Capelin\epubs\data\An Enlightening Commentary into the Light of the Holy Quran vol 20.epub,
,,,e:\Capelin\epubs\data\An Enlightening Commentary into the Light of the Holy Quran vol 3.epub,
,,,e:\Capelin\epubs\data\An Enlightening Commentary into the Light of the Holy Quran vol 4.epub,
,,,e:\Capelin\epubs\data\An Enlightening Commentary into the Light of the Holy Quran vol 5.epub,
,,,e:\Capelin\epubs\data\An Enlightening Commentary into the Light of the Holy Quran vol 6.epub,
,,,e:\Capelin\epubs\data\An Enlightening Commentary into the Light of the Holy Quran vol 7.epub,
,,,e:\Capelin\epubs\data\An Enlightening Commentary into the Light of the Holy Quran vol 8.epub,
,,,e:\Capelin\epubs\data\An Enlightening Commentary into the Light of the Holy Quran vol 9.epub,
,,,e:\Capelin\epubs\data\AN INQUIRY CONCERNING AL-MAHDI.epub,
,,,e:\Capelin\epubs\data\An Introduction to 'Irfan.epub,
,,,e:\Capelin\epubs\data\An Introduction to The Islamic Shari'ah.epub,
,,,e:\Capelin\epubs\data\Analysis of the History of Aale Muhammad (pbut).epub,
,,,e:\Capelin\epubs\data\And Once Again Abu-Dhar.epub,
,,,e:\Capelin\epubs\data\Anecdotes for Reflection Part 1.epub,
,,,e:\Capelin\epubs\data\Anecdotes for Reflection Part 2.epub,
,,,e:\Capelin\epubs\data\ANECDOTES OF PIOUS MEN.epub,
,,,e:\Capelin\epubs\data\Anecdotes of Reflection Part 3.epub,
,,,e:\Capelin\epubs\data\Arabic Accounts of Al-Husayn's Martyrdom.epub,
,,,e:\Capelin\epubs\data\AS-SAHIFA AL-KAMILAH - AL-SAJJADIYYA.epub,
,,,e:\Capelin\epubs\data\Ashura Encyclopedia.epub,
,,,e:\Capelin\epubs\data\ASK THOSE WHO KNOW.epub,
,,,e:\Capelin\epubs\data\Awsaf al Ashraf- The Attributes of the Noble.epub,
,,,e:\Capelin\epubs\data\Ayatullah al-Uzma Sayyid Abul Qasim Al Khoei.epub,
,,,e:\Capelin\epubs\data\AZADARI - 40 Ahadith.epub,
,,,e:\Capelin\epubs\data\Azadari in the sight of Maraje Uzzam and Ulema.epub,
,,,e:\Capelin\epubs\data\BACKGROUND OF THE BIRTH OF ISLAM.epub,
,,,e:\Capelin\epubs\data\Barzakh (Purgatory).epub,
,,,e:\Capelin\epubs\data\Battle of Harrah.epub,
,,,e:\Capelin\epubs\data\Beacons of Light- Muhammad the Prophet and Fatima the Radiant.epub,
,,,e:\Capelin\epubs\data\Beams of Illumination from the Divine Revelation.epub,
,,,e:\Capelin\epubs\data\Beauty of Concealment and Concealment of Beauty.epub,
,,,e:\Capelin\epubs\data\Bibi Fatima (AS).epub,
,,,e:\Capelin\epubs\data\Bibi Sakina (AS).epub,
,,,e:\Capelin\epubs\data\Bibi Zainab (AS).epub,
,,,e:\Capelin\epubs\data\Bilal's Bedtime Stories - Part ONE.epub,
,,,e:\Capelin\epubs\data\Bilal's Bedtime Stories - Part THREE.epub,
,,,e:\Capelin\epubs\data\Bilal's Bedtime Stories - Part TWO.epub,
,,,e:\Capelin\epubs\data\Bilal's Bedtime Stories.epub,
,,,e:\Capelin\epubs\data\Bint Al Huda Stories 1.epub,
,,,e:\Capelin\epubs\data\Bint Al Huda Stories 2.epub,
,,,e:\Capelin\epubs\data\Bint Al Huda Stories 3.epub,
,,,e:\Capelin\epubs\data\Bint Al Huda Stories 4.epub,
,,,e:\Capelin\epubs\data\BIOGRAPHY OF  IMAM MUHAMMAD  BIN ALI (A.S.)  (AL-TAQI).epub,
,,,e:\Capelin\epubs\data\Book of Dua's  (Supplications).epub,
,,,e:\Capelin\epubs\data\Brief Practical Tips for people going for Haj.epub,
,,,e:\Capelin\epubs\data\Building of Tombs.epub,
,,,e:\Capelin\epubs\data\Burial Rituals.epub,
,,,e:\Capelin\epubs\data\Certainty Uncovered - Kashf al-Yaqin.epub,
,,,e:\Capelin\epubs\data\Character of Ali Ibn Abi Talib.epub,
,,,e:\Capelin\epubs\data\Child Psychology.epub,
,,,e:\Capelin\epubs\data\Concentration -  The 5 Daily Prayers - A Short Course for Children.epub,
,,,e:\Capelin\epubs\data\Contemporary Legal Rulings in Shia Law.epub,
,,,e:\Capelin\epubs\data\Contribution of Islam to Medicine.epub,
,,,e:\Capelin\epubs\data\Critique of Marxist Philosophy (Part 1).epub,
,,,e:\Capelin\epubs\data\Critique of Marxist Philosophy (Part 2).epub,
,,,e:\Capelin\epubs\data\Current Legal Issues.epub,
,,,e:\Capelin\epubs\data\DAILY DUAS FOR THE MONTH OF RAMADHAN.epub,
,,,e:\Capelin\epubs\data\Day of Judgement.epub,
,,,e:\Capelin\epubs\data\Death- A Beautiful Gift for a Believer.epub,
,,,e:\Capelin\epubs\data\Discussions Concerning Al Mahdi.epub,
,,,e:\Capelin\epubs\data\DIVINE JUSTICE or The Problem of Evil.epub,
,,,e:\Capelin\epubs\data\Divorce or Dissolution of Marriage.epub,
,,,e:\Capelin\epubs\data\Dua's from TIBB AL A-IMMA - Islamic Medical Wisdom.epub,
,,,e:\Capelin\epubs\data\Duas for Students.epub,
,,,e:\Capelin\epubs\data\Encounter at the Hospital.epub,
,,,e:\Capelin\epubs\data\ESSENCE OF LIFE - Ain Al-Hayat.epub,
,,,e:\Capelin\epubs\data\Essence of Tawhid- Denial of Servitude but to God.epub,
,,,e:\Capelin\epubs\data\Eternal Manifestations- 80 Stories from the life of Allama Tabatabai.epub,
,,,e:\Capelin\epubs\data\Eternity of Man.epub,
,,,e:\Capelin\epubs\data\Events and Circumstances Surrounding the Martyrdom of al-Husain b. Ali.epub,
,,,e:\Capelin\epubs\data\Examining the Ismaili Imams & the Bohras.epub,
,,,e:\Capelin\epubs\data\FADAK IN HISTORY.epub,
,,,e:\Capelin\epubs\data\FADHAIL USH-SHIA - THE MERITS OF THE SHIA.epub,
,,,e:\Capelin\epubs\data\FAITH AND LOVE FOR OTHERS.epub,
,,,e:\Capelin\epubs\data\Faith and Reason.epub,
,,,e:\Capelin\epubs\data\Fascinating Discourses Of Fourteen Infallible (as).epub,
,,,e:\Capelin\epubs\data\FAST.epub,
,,,e:\Capelin\epubs\data\Fasting Rules from Islamic Laws.epub,
,,,e:\Capelin\epubs\data\FATIMA (sa) The Gracious.epub,
,,,e:\Capelin\epubs\data\Fatima is Fatima.epub,
,,,e:\Capelin\epubs\data\Fatimah Al-Ma`sumah (as)- A Role Model for Men and Women.epub,
,,,e:\Capelin\epubs\data\Fazail ul Mahdi (atfs).epub,
,,,e:\Capelin\epubs\data\FIQH and FUQAHA.epub,
,,,e:\Capelin\epubs\data\For a Better Future.epub,
,,,e:\Capelin\epubs\data\Forty Hadith.epub,
,,,e:\Capelin\epubs\data\Freedom - The Unstated Facts and Points.epub,
,,,e:\Capelin\epubs\data\Friendly Letters.epub,
,,,e:\Capelin\epubs\data\From Marriage to Parenthood- The Heavenly Path.epub,
,,,e:\Capelin\epubs\data\Fundamentals of Islam according to Quran.epub,
,,,e:\Capelin\epubs\data\General Invitation.epub,
,,,e:\Capelin\epubs\data\GHADEER-E-KHUM WHERE THE RELIGION WAS BROUGHT TO PERFECTION.epub,
,,,e:\Capelin\epubs\data\Glimpses of Al Mahdi (AS).epub,
,,,e:\Capelin\epubs\data\Glimpses of Shi'ism in the Musnad of Ibn Hanbal.epub,
,,,e:\Capelin\epubs\data\Goal of LIFE.epub,
,,,e:\Capelin\epubs\data\God and His Attributes - Lessons on Islamic Doctrine.epub,
,,,e:\Capelin\epubs\data\Graves of Ulema in Najaf.epub,
,,,e:\Capelin\epubs\data\GREATER SINS - Part 1.epub,
,,,e:\Capelin\epubs\data\GREATER SINS - Vol 2.epub,
,,,e:\Capelin\epubs\data\GREATER SINS - Vol 3.epub,
,,,e:\Capelin\epubs\data\Guiding the Youth of the New Generation.epub,
,,,e:\Capelin\epubs\data\Habib Bin Mudhahir.epub,
,,,e:\Capelin\epubs\data\Hadhrat Abbas (AS).epub,
,,,e:\Capelin\epubs\data\Hadith Al Kisa- The Narration of the Cloak.epub,
,,,e:\Capelin\epubs\data\Hadith Al Thaqalayn (A Study of Its Tawatur).epub,
,,,e:\Capelin\epubs\data\Hajj  - The Duties and Rulings.epub,
,,,e:\Capelin\epubs\data\Hajj (The Pilgrimage).epub,
,,,e:\Capelin\epubs\data\Hajj Booklet.epub,
,,,e:\Capelin\epubs\data\Hajj Rituals.epub,
,,,e:\Capelin\epubs\data\Hajj The Islamic Pilgrimage According to 5 Schools of Islamic Law.epub,
,,,e:\Capelin\epubs\data\Hamza Ibn Abd al-Muttalib.epub,
,,,e:\Capelin\epubs\data\Hayatul Qulub - Vol 3 - Succession to Muhammad (s.a.w.s.).epub,
,,,e:\Capelin\epubs\data\Hayatul Qulub - Vol. 1 Stories of the Prophets.epub,
,,,e:\Capelin\epubs\data\Hayatul Qulub - Vol. 2 A Detailed Biography of Prophet Muhammad (s).epub,
,,,"e:\Capelin\epubs\data\HE WILL COME, FOR SURE.epub",
,,,e:\Capelin\epubs\data\Heart Comforter At the Time of the Loss of  Children and Loved Ones.epub,
,,,e:\Capelin\epubs\data\Heart of the Quran- A Commentary to Sura al Yasin.epub,
,,,e:\Capelin\epubs\data\Heroes Of Islam.epub,
,,,e:\Capelin\epubs\data\Hidden Truths in God's Word.epub,
,,,"e:\Capelin\epubs\data\Hijab, The Dress of Modesty in Islam.epub",
,,,"e:\Capelin\epubs\data\Hijab, the Muslim Women's Dress, Islamic or Cultural.epub",
,,,"e:\Capelin\epubs\data\Historical Sermons of Imam Hussain, Mola Abbas, Syeda Sakina & Syeda Zainab.epub",
,,,e:\Capelin\epubs\data\History Behind Masjid Jamkaran.epub,
,,,e:\Capelin\epubs\data\House of Sorrows (A Translation of Baytul Ahzan).epub,
,,,e:\Capelin\epubs\data\How to Utilize Our Free Time.epub,
,,,e:\Capelin\epubs\data\Hypocrites - A Commentary on Surah Munafiqun.epub,
,,,e:\Capelin\epubs\data\I was Saddam's Prisoner.epub,
,,,e:\Capelin\epubs\data\Imam Al-Kadhim(A.S).epub,
,,,e:\Capelin\epubs\data\Imam Ali (AS).epub,
,,,e:\Capelin\epubs\data\IMAM HASAN AND CALIPHATE.epub,
,,,e:\Capelin\epubs\data\IMAM HASSAN BIN ALI (as).epub,
,,,e:\Capelin\epubs\data\IMAM HUSAIN'S REVOLUTION.epub,
,,,e:\Capelin\epubs\data\IMAM HUSSEIN BIN ALI (as).epub,
,,,e:\Capelin\epubs\data\Imam Jafar Sadiq (as).epub,
,,,e:\Capelin\epubs\data\Imam Khomeini- A Short Biography.epub,
,,,e:\Capelin\epubs\data\Imam Mahdi (atfs) The Spring of Life.epub,
,,,e:\Capelin\epubs\data\Imam Mahdi (ATFS).epub,
,,,e:\Capelin\epubs\data\Imam Reza's Pilgrimage.epub,
,,,e:\Capelin\epubs\data\Imam Zayn al-Abidin (AS).epub,
,,,e:\Capelin\epubs\data\Imamat and Khilafat.epub,
,,,e:\Capelin\epubs\data\Imamate - The Vicegerency of the Prophet [s].epub,
,,,e:\Capelin\epubs\data\Imamate and Leadership - Lessons on Islamic Doctrine.epub,
,,,e:\Capelin\epubs\data\IMMIGRATION AND JIHAD - Alhijrah wal Jihad.epub,
,,,e:\Capelin\epubs\data\Importance of the Problems of World View.epub,
,,,e:\Capelin\epubs\data\In Search of Truth.epub,
,,,e:\Capelin\epubs\data\Inner Voice.epub,
,,,e:\Capelin\epubs\data\Inquiries about Islam.epub,
,,,e:\Capelin\epubs\data\Inquiries About Shi'a Islam.epub,
,,,e:\Capelin\epubs\data\Interesting True Stories of Ulamaa.epub,
,,,e:\Capelin\epubs\data\Interpretation of Surah Al-Hamd.epub,
,,,e:\Capelin\epubs\data\Introduction to the Science of Tafsir.epub,
,,,e:\Capelin\epubs\data\Invitation to Islam.epub,
,,,e:\Capelin\epubs\data\Islam and Religious Pluralism.epub,
,,,e:\Capelin\epubs\data\Islam In The Bible.epub,
,,,"e:\Capelin\epubs\data\Islam, Dialogue and Civil Society.epub",
,,,"e:\Capelin\epubs\data\Islam- Faith, Practice & History.epub",
,,,e:\Capelin\epubs\data\ISLAM.epub,
,,,e:\Capelin\epubs\data\Islamic Beliefs for All.epub,
,,,e:\Capelin\epubs\data\ISLAMIC CORRESPONDENCE COURSE  BASIC LEVEL  - BOOK 1.epub,
,,,e:\Capelin\epubs\data\ISLAMIC CORRESPONDENCE COURSE BASIC LEVEL - BOOK 2.epub,
,,,e:\Capelin\epubs\data\ISLAMIC CORRESPONDENCE COURSE BASIC LEVEL - BOOK 3.epub,
,,,e:\Capelin\epubs\data\ISLAMIC CORRESPONDENCE COURSE BASIC LEVEL - BOOK 4.epub,
,,,e:\Capelin\epubs\data\Islamic Doctrines Simplified.epub,
,,,e:\Capelin\epubs\data\Islamic Factsheets -  Shiite beliefs & Practices explained.epub,
,,,e:\Capelin\epubs\data\Islamic Family Life.epub,
,,,e:\Capelin\epubs\data\Islamic Government- Governance of the Jurist.epub,
,,,e:\Capelin\epubs\data\ISLAMIC LAWS By Ayatullah Sistani.epub,
,,,e:\Capelin\epubs\data\Islamic Laws of Ayatullah Khui.epub,
,,,e:\Capelin\epubs\data\Islamic Marriage Handbook.epub,
,,,e:\Capelin\epubs\data\Islamic Rulings- Medical Issues.epub,
,,,e:\Capelin\epubs\data\Islamic Stories.epub,
,,,e:\Capelin\epubs\data\Islamic Teachings for Kids with Q-A.epub,
,,,e:\Capelin\epubs\data\Islamic Teachings in Brief.epub,
,,,e:\Capelin\epubs\data\Isti'adha- Seeking Allah's Protection from Satan.epub,
,,,e:\Capelin\epubs\data\Istikhara- Seeking the Best from Allah (swt).epub,
,,,e:\Capelin\epubs\data\Ja'far al-Tayyar.epub,
,,,e:\Capelin\epubs\data\Jesus Christ Speaks through Shia Narrations.epub,
,,,e:\Capelin\epubs\data\Jihad The Holy War of Islam and Its Legitimacy in the Quran.epub,
,,,e:\Capelin\epubs\data\JOURNEY OF THE UNSEEN WORLD (Rooh Ka Safar).epub,
,,,e:\Capelin\epubs\data\Jurisprudence made easy.epub,
,,,e:\Capelin\epubs\data\Justice of God.epub,
,,,e:\Capelin\epubs\data\Karbala Historical Resources.epub,
,,,e:\Capelin\epubs\data\Khadija tul Kubra - A Short Story of Her Life.epub,
,,,e:\Capelin\epubs\data\KHAIR-UL-BAREEYAH.epub,
,,,e:\Capelin\epubs\data\Khums (The Islamic Tax).epub,
,,,e:\Capelin\epubs\data\Khutbah Iftikharia - the Sermon of Glorification.epub,
,,,e:\Capelin\epubs\data\Khutbah Rajjat.epub,
,,,e:\Capelin\epubs\data\Khutbah Shiqshiqiyyah.epub,
,,,e:\Capelin\epubs\data\Khutbah Tutunjiyyih - Sermon of the Gulf.epub,
,,,e:\Capelin\epubs\data\KITAB AL IRSHAD 1.epub,
,,,e:\Capelin\epubs\data\Kumayl Bin Ziyad.epub,
,,,e:\Capelin\epubs\data\Lady Fatima Masuma (a) of Qum.epub,
,,,e:\Capelin\epubs\data\Lantern of the Path.epub,
,,,e:\Capelin\epubs\data\LECTURES ON ASHURA - Ali Quli Qara'i.epub,
,,,e:\Capelin\epubs\data\Lessons from Qur'an.epub,
,,,e:\Capelin\epubs\data\Lessons from the Lives of our Ulema.epub,
,,,e:\Capelin\epubs\data\Let Us Understand Eachother (Shia - Sunni Dialogue).epub,
,,,e:\Capelin\epubs\data\Light Within Me.epub,
,,,e:\Capelin\epubs\data\LIGHTS ON THE MUHAMMADAN SUNNAH or DEFENCE OF THE HADITH.epub,
,,,e:\Capelin\epubs\data\Living the Right Way.epub,
,,,e:\Capelin\epubs\data\Logic For Islamic Rules.epub,
,,,e:\Capelin\epubs\data\Lohoof (Sighs of Sorrow).epub,
,,,e:\Capelin\epubs\data\Malik Al-Ashtar.epub,
,,,e:\Capelin\epubs\data\Man and Faith.epub,
,,,e:\Capelin\epubs\data\Man and His Destiny.epub,
,,,e:\Capelin\epubs\data\Manasik al-Hajj.epub,
,,,e:\Capelin\epubs\data\Manifestations of the All-Merciful.epub,
,,,e:\Capelin\epubs\data\Manner of Awaiting.epub,
,,,e:\Capelin\epubs\data\MAQTAL AL-HUSAIN - Martyrdom Epic of Imam Al-Husain.epub,
,,,e:\Capelin\epubs\data\Marriage and Morals in Islam.epub,
,,,e:\Capelin\epubs\data\MARY AND JESUS IN ISLAM.epub,
,,,e:\Capelin\epubs\data\Master and Mastership.epub,
,,,e:\Capelin\epubs\data\Matrimonial Rights.epub,
,,,e:\Capelin\epubs\data\Maytham Al-Tammar.epub,
,,,e:\Capelin\epubs\data\Me'raj - The Night Ascension.epub,
,,,e:\Capelin\epubs\data\Merits of Earth (Turbah) of Imam Husain's Grave.epub,
,,,e:\Capelin\epubs\data\Miscellaneous Fatwas.epub,
,,,e:\Capelin\epubs\data\Mizanul Hikmah.epub,
,,,e:\Capelin\epubs\data\Moment by Moment - Expecting the Advent of al-Qa-'im (PBUH).epub,
,,,e:\Capelin\epubs\data\Moral Stories For Kids.epub,
,,,"e:\Capelin\epubs\data\Moral Values of Qur'an, a Commentary on Surah Hujurat.epub",
,,,e:\Capelin\epubs\data\Morality of the Holy Prophet (p.b.u.h.).epub,
,,,e:\Capelin\epubs\data\Muhammad (S) is the Last Prophet.epub,
,,,e:\Capelin\epubs\data\Mukhtar Al-Thaqafi.epub,
,,,e:\Capelin\epubs\data\Muntakhab Al Asar Vol 1.epub,
,,,e:\Capelin\epubs\data\Musab Al Khair.epub,
,,,e:\Capelin\epubs\data\MUSIC AND ITS EFFECTS.epub,
,,,e:\Capelin\epubs\data\NAFASUL MAHMOOM - Relating to the Heart Rending Tragedy of Karbala.epub,
,,,e:\Capelin\epubs\data\NAHJ AL-FASAHAH  HEIGHT OF RHETORIC.epub,
,,,e:\Capelin\epubs\data\Nahjul Balagha - Vol 2 Letters and Sayings.epub,
,,,e:\Capelin\epubs\data\Nahjul Balagha - Volume 1 Sermons.epub,
,,,e:\Capelin\epubs\data\NEED FOR RELIGION.epub,
,,,e:\Capelin\epubs\data\One Hundred Fifty Lessons for Life.epub,
,,,e:\Capelin\epubs\data\Our Philosophy.epub,
,,,e:\Capelin\epubs\data\Parents and Children.epub,
,,,e:\Capelin\epubs\data\PERFECT MAN.epub,
,,,e:\Capelin\epubs\data\PESHAWAR NIGHTS Part - 1.epub,
,,,e:\Capelin\epubs\data\PESHAWAR NIGHTS Part - 2.epub,
,,,e:\Capelin\epubs\data\POLARIZATION AROUND THE CHARACTER OF 'ALI IBN ABI TALIB.epub,
,,,e:\Capelin\epubs\data\Pork.epub,
,,,e:\Capelin\epubs\data\POWER OF PRAYERS.epub,
,,,e:\Capelin\epubs\data\Practical Laws of Islam.epub,
,,,e:\Capelin\epubs\data\Practice kids.epub,
,,,e:\Capelin\epubs\data\Principles of Faith - Usul al Deen.epub,
,,,e:\Capelin\epubs\data\Principles of Marriage and Family Ethics.epub,
,,,e:\Capelin\epubs\data\Principles of Upbringing Children.epub,
,,,"e:\Capelin\epubs\data\PROMINENT ULAMAA, PRIOR TO 100 YEARS.epub",
,,,"e:\Capelin\epubs\data\Prophecies About Holy Prophet in Hindu, Christian, Jewish n Parsi.epub",
,,,e:\Capelin\epubs\data\Prophet Ayyub (as).epub,
,,,e:\Capelin\epubs\data\Prophet Hud.epub,
,,,e:\Capelin\epubs\data\Prophet Ibrahim.epub,
,,,e:\Capelin\epubs\data\Prophet Ismail.epub,
,,,e:\Capelin\epubs\data\Prophet Lut.epub,
,,,e:\Capelin\epubs\data\Prophet Muhammad (SAW).epub,
,,,e:\Capelin\epubs\data\Prophet Salih.epub,
,,,e:\Capelin\epubs\data\Prophet Shu'ayb.epub,
,,,e:\Capelin\epubs\data\Prophet Younis.epub,
,,,e:\Capelin\epubs\data\Prophet Yousuf.epub,
,,,e:\Capelin\epubs\data\Prophethood.epub,
,,,e:\Capelin\epubs\data\Qalbe Saleem - Immaculate Conscience.epub,
,,,e:\Capelin\epubs\data\Questions and Answers on Faith and Practice.epub,
,,,e:\Capelin\epubs\data\Questions on Jurisprudence.epub,
,,,e:\Capelin\epubs\data\Rationality of Islam.epub,
,,,e:\Capelin\epubs\data\Rays from the life of Imam Hasan bin Ali (as).epub,
,,,e:\Capelin\epubs\data\Rays of the Sun- 83 Stories from the Life of Imam Khomeini (ra).epub,
,,,e:\Capelin\epubs\data\Razavi Codes of Ethics.epub,
,,,e:\Capelin\epubs\data\Risalah Al Wilayah.epub,
,,,e:\Capelin\epubs\data\Saeed Bin Jubayr.epub,
,,,e:\Capelin\epubs\data\Salat al-Lail.epub,
,,,e:\Capelin\epubs\data\Salatul  Jumu`ah.epub,
,,,e:\Capelin\epubs\data\Salman Al Muhammadi.epub,
,,,e:\Capelin\epubs\data\SATAN - The Accursed.epub,
,,,e:\Capelin\epubs\data\SCHOLASTIC THEOLOGY (KALAAM).epub,
,,,e:\Capelin\epubs\data\Sects of Islam.epub,
,,,e:\Capelin\epubs\data\Selections From Judgements Of Hazrat Ali (a.s.).epub,
,,,e:\Capelin\epubs\data\Selections From Judgements Of Hazrat Ali (as).epub,
,,,e:\Capelin\epubs\data\Self Building An Islamic Guide for Spiritual Migration Towards God.epub,
,,,e:\Capelin\epubs\data\Self Knowledge.epub,
,,,e:\Capelin\epubs\data\Sermon Without ALIF.epub,
,,,e:\Capelin\epubs\data\Sermon Without DOTS.epub,
,,,e:\Capelin\epubs\data\Sexual Ethics in Islam and in the Western World.epub,
,,,e:\Capelin\epubs\data\Sexual Problems of Youths.epub,
,,,e:\Capelin\epubs\data\Shi'ism- Imamate and Wilayat.epub,
,,,e:\Capelin\epubs\data\Shia.epub,
,,,e:\Capelin\epubs\data\Shiite Islam- Orthodoxy or Heterodoxy.epub,
,,,e:\Capelin\epubs\data\Short Interesting Stories.epub,
,,,e:\Capelin\epubs\data\SIFAT USH-SHIA The Qualities of the shia.epub,
,,,e:\Capelin\epubs\data\Slavery from Islamic and Christian Perspectives.epub,
,,,e:\Capelin\epubs\data\Sociology of the Qur'an Part II.epub,
,,,e:\Capelin\epubs\data\Sociology of the Quran Part I.epub,
,,,e:\Capelin\epubs\data\Special Salawaat of the month of Shaban.epub,
,,,e:\Capelin\epubs\data\Spiritual Discourses.epub,
,,,e:\Capelin\epubs\data\Spiritual Journey of the Mystics (Suluk-e-Airfaan).epub,
,,,e:\Capelin\epubs\data\Spiritual Sayings.epub,
,,,e:\Capelin\epubs\data\Stories of Bahlool.epub,
,,,e:\Capelin\epubs\data\Story of the Holy Ka'aba and Its People.epub,
,,,e:\Capelin\epubs\data\Sulh al-Hasan - The Peace Treaty of Al-Hasan [as].epub,
,,,e:\Capelin\epubs\data\Syeda Fatima (sa) The Most Paramount Lady of Islam.epub,
,,,e:\Capelin\epubs\data\Tafsir Al-Mizan Volume 1.epub,
,,,e:\Capelin\epubs\data\Tahzeeb ul Islam.epub,
,,,e:\Capelin\epubs\data\Taqiyah (Dissimulation).epub,
,,,e:\Capelin\epubs\data\Tears for Kerbala.epub,
,,,e:\Capelin\epubs\data\Temporary Marriage in Islamic Law.epub,
,,,e:\Capelin\epubs\data\Tenets of Islam.epub,
,,,e:\Capelin\epubs\data\The 12 Imams.epub,
,,,e:\Capelin\epubs\data\The Amazing Qur'an.epub,
,,,e:\Capelin\epubs\data\The Awaited Savior of Humanity (al-Mahdi in the Eyes of the Ahlul Bayt).epub,
,,,e:\Capelin\epubs\data\The Awaited Saviour.epub,
,,,e:\Capelin\epubs\data\The Beauty of Charity.epub,
,,,"e:\Capelin\epubs\data\The Bible, The Qur'an and Science.epub",
,,,e:\Capelin\epubs\data\THE BOOK OF OCCULTATION - Kitab Al-Ghaibah.epub,
,,,e:\Capelin\epubs\data\The Charter of Rights (Risalat al-Huquq).epub,
,,,e:\Capelin\epubs\data\The Collection and Preservation of the Qur'an.epub,
,,,e:\Capelin\epubs\data\The Educational System In Islam.epub,
,,,e:\Capelin\epubs\data\The Elixir of Love  -  In the memory of Shaikh Rajab Ali Khayyat.epub,
,,,e:\Capelin\epubs\data\The Emergence of Shi'ism and the Shi'ites.epub,
,,,e:\Capelin\epubs\data\THE EPISTLE.epub,
,,,e:\Capelin\epubs\data\The Faith of Shi'a Islam.epub,
,,,e:\Capelin\epubs\data\The Family in Islam.epub,
,,,e:\Capelin\epubs\data\The famous KHUTBA of Syeda Fatima Zahra (sa).epub,
,,,e:\Capelin\epubs\data\The Fast of Ashura.epub,
,,,e:\Capelin\epubs\data\The Great Companion of the Prophet- Abu Dharr.epub,
,,,e:\Capelin\epubs\data\The Great Muslim Scientist and Philosopher Imam Jafar Ibn Mohammed as-Sadiq (as).epub,
,,,e:\Capelin\epubs\data\The Greatest Jihad- Combat with the Self.epub,
,,,e:\Capelin\epubs\data\The Guide to Hajj Rites - The Rulings and Procedures of Hajj.epub,
,,,e:\Capelin\epubs\data\The Hereafter - Ma'ad.epub,
,,,e:\Capelin\epubs\data\The Holy Quran  and the month of Ramadhan.epub,
,,,e:\Capelin\epubs\data\The Human Cycle - Eighteen Lessons with Sayyid Muhammad Husayn Jalali.epub,
,,,e:\Capelin\epubs\data\The Infallibility of the Prophets in the Qu'ran.epub,
,,,e:\Capelin\epubs\data\THE ISLAMIC FAMILY STRUCTURE.epub,
,,,e:\Capelin\epubs\data\The Islamic Modest Dress.epub,
,,,e:\Capelin\epubs\data\The Journey of Imam Husain.epub,
,,,e:\Capelin\epubs\data\The Journey of Tears.epub,
,,,e:\Capelin\epubs\data\The Justice of God - Adl -e- Ilahi.epub,
,,,e:\Capelin\epubs\data\The Last Journey (Manazile Akherah).epub,
,,,e:\Capelin\epubs\data\The Learnings Of The Glorious Quran.epub,
,,,e:\Capelin\epubs\data\The Life and the Tales of Prophet Adam (pbuh).epub,
,,,"e:\Capelin\epubs\data\The Life of Imam 'Ali Al-Hadi, Study and Analysis.epub",
,,,e:\Capelin\epubs\data\The Life of Imam Hasan Al-'Askari.epub,
,,,e:\Capelin\epubs\data\The Life of Imam Muhammad ibn Ali Al-Baqir (as).epub,
,,,e:\Capelin\epubs\data\The Life of Muhammad The Prophet.epub,
,,,e:\Capelin\epubs\data\THE MASTER OF MARTYRS.epub,
,,,e:\Capelin\epubs\data\The Mercy of Qur'an and The Advent of Zaman - Commentary on Four Suras.epub,
,,,e:\Capelin\epubs\data\The Message.epub,
,,,e:\Capelin\epubs\data\THE ORIGIN OF SHIITE ISLAM AND IT'S PRINCIPLES.epub,
,,,e:\Capelin\epubs\data\The Position of Women from the Viewpoint of Imam Khomeini.epub,
,,,e:\Capelin\epubs\data\THE PROMISED ONE IN QURAN.epub,
,,,e:\Capelin\epubs\data\The Prophet's Last Prayer.epub,
,,,e:\Capelin\epubs\data\The Qur'an  When It Was Compiled.epub,
,,,e:\Capelin\epubs\data\The Qur'an and its Translators.epub,
,,,e:\Capelin\epubs\data\The Qur'an- Its Protection from Alteration.epub,
,,,e:\Capelin\epubs\data\THE QURAN ON ASTRONOMY.epub,
,,,e:\Capelin\epubs\data\The Radiance of the Secrets of Prayer.epub,
,,,e:\Capelin\epubs\data\THE REVEALER THE MESSENGER THE MESSAGE.epub,
,,,e:\Capelin\epubs\data\The Revolution of  Al Husayn (as).epub,
,,,e:\Capelin\epubs\data\The Revolution of Imam al Husayn Its Impact on the Consciousness of Muslim Society.epub,
,,,e:\Capelin\epubs\data\The Rights of Prisoners According to Islamic Teachings.epub,
,,,e:\Capelin\epubs\data\The Ritual Ablutions for Women - Taharatu N Nisa.epub,
,,,e:\Capelin\epubs\data\The Ritual and Spiritual Purity.epub,
,,,e:\Capelin\epubs\data\The Rules on the Female's  Three Natures of Blood.epub,
,,,e:\Capelin\epubs\data\THE SERMON OF PROPHET MUHAMMAD AT GHADIR KHUM.epub,
,,,e:\Capelin\epubs\data\The Shia - The Real Followers of The Sunnah.epub,
,,,e:\Capelin\epubs\data\The Story of Prophet Uzair.epub,
,,,e:\Capelin\epubs\data\The Story of Prophets Dauwud and Sulayman.epub,
,,,e:\Capelin\epubs\data\The Story of Taloot and Jaloot.epub,
,,,e:\Capelin\epubs\data\The Sufferings of Amirol Mo'minin Ali ibn Abi Talib (A.S.).epub,
,,,"e:\Capelin\epubs\data\The Torch of Perpetual Guidance, Ziyarat 'Ashura of Imam Husayn.epub",
,,,e:\Capelin\epubs\data\THE TRUE STORIES.epub,
,,,e:\Capelin\epubs\data\The Unschooled Prophet.epub,
,,,e:\Capelin\epubs\data\The Victory of Truth - The Life of Zaynab bint 'Ali.epub,
,,,e:\Capelin\epubs\data\The Voice of Human Justice (Sautu'l 'Adalati'l Insaniyah).epub,
,,,"e:\Capelin\epubs\data\The Wine of Love, Mystical Poetry of Imam Khomeini.epub",
,,,e:\Capelin\epubs\data\The World's Most Outstanding Lady- Fatima Az-Zahra'.epub,
,,,e:\Capelin\epubs\data\THEN I WAS GUIDED.epub,
,,,e:\Capelin\epubs\data\Theology And Metaphysics In Nahj Al Balaghah.epub,
,,,e:\Capelin\epubs\data\To Be With the Truthful.epub,
,,,e:\Capelin\epubs\data\Tradition of Mufaddal.epub,
,,,e:\Capelin\epubs\data\Tranquil Heart - 43 Recollections of Imam Khomeini Relating to Prayers.epub,
,,,e:\Capelin\epubs\data\Truth About Shi'ah Ithna 'Ashari Faith.epub,
,,,e:\Capelin\epubs\data\TUHAF UL-UQOUL - THE MASTERPIECES OF THE MIND.epub,
,,,e:\Capelin\epubs\data\Two Women and a Man.epub,
,,,e:\Capelin\epubs\data\Ulama's Contact with the Living Imam atfs.epub,
,,,e:\Capelin\epubs\data\ULAMAA OF RECENT ERA.epub,
,,,e:\Capelin\epubs\data\Understanding the Month of Glory - Lessons on the Month of Ramadhan.epub,
,,,e:\Capelin\epubs\data\Understanding the Uniqueness of the Qur'an.epub,
,,,e:\Capelin\epubs\data\Uswat Al-Aarifeen - A Look at the Life of Ayatullah Bahjat.epub,
,,,e:\Capelin\epubs\data\UYUN AKHBAR AL REZA - Vol 1.epub,
,,,e:\Capelin\epubs\data\UYUN AKHBAR AL REZA - VOL. 2.epub,
,,,e:\Capelin\epubs\data\Verses of Ghadir.epub,
,,,e:\Capelin\epubs\data\Virtue Prevails.epub,
,,,"e:\Capelin\epubs\data\War, Peace and Non-violence - An Islamic perspective.epub",
,,,e:\Capelin\epubs\data\WASIYATNAMA - Last Will & Testament.epub,
,,,e:\Capelin\epubs\data\Ways of Increasing Sustenance.epub,
,,,e:\Capelin\epubs\data\Western Civilization Through Muslim Eyes.epub,
,,,e:\Capelin\epubs\data\What Do You Know About Islamic Economics.epub,
,,,e:\Capelin\epubs\data\What Non Muslims Says About Ali.epub,
,,,e:\Capelin\epubs\data\Why Prostrate on Karbala's Turba.epub,
,,,e:\Capelin\epubs\data\Wilayat - The Station of the Master.epub,
,,,e:\Capelin\epubs\data\Woman And Her Rights.epub,
,,,e:\Capelin\epubs\data\WOMAN.epub,
,,,e:\Capelin\epubs\data\Women In Islam Vs Women In Judaeo-Christian Tradition- Myth & Reality.epub,
,,,e:\Capelin\epubs\data\Women's Issues Made Simple.epub,
,,,e:\Capelin\epubs\data\World of Our Youth.epub,
,,,e:\Capelin\epubs\data\Your Questions  Answered Volume 7.epub,
,,,e:\Capelin\epubs\data\Your Questions Answered - Volume 1.epub,
,,,e:\Capelin\epubs\data\Your Questions Answered - Volume 2.epub,
,,,e:\Capelin\epubs\data\Your Questions Answered Volume 3.epub,
,,,e:\Capelin\epubs\data\Your Questions Answered Volume 4.epub,
,,,e:\Capelin\epubs\data\Your Questions Answered Volume 5.epub,
,,,e:\Capelin\epubs\data\Your Questions Answered Volume 6.epub,
,,,e:\Capelin\epubs\data\Youth and Spouse Selection.epub,
